like1,parT,chain
1.3992345,64.098236,0.0
1.4179809,114.62284,0.0
0.8901895,17.690277,1.0
