like1,parT,chain
1.406188,50.409954,3.0
1.4223108,83.50518,1.0
1.4051205,46.310566,2.0
2.6031904,10.171244,3.0
