like1,parT,chain,KGEval
1.42820610,99.34187000,2.00000000,-0.33036864
