like1,parT,chain,KGEval
2.09018420,92.21533000,2.00000000,-0.74231577
