like1,parT,chain,KGEval
0.99165505,124.02710000,0.00000000,-0.04476595
1.39231060,242.25992000,3.00000000,-0.41147781
0.80749786,107.03013000,2.00000000,0.10590336
